name	inherits	summary	note
AABB		A 3D axis-aligned bounding box.	
AESContext	RefCounted	Provides access to AES encryption/decryption of raw data.	
AStar2D	RefCounted	An implementation of A* for finding the shortest path between two vertices on a connected graph in 2D space.	
AStar3D	RefCounted	An implementation of A* for finding the shortest path between two vertices on a connected graph in 3D space.	
AStarGrid2D	RefCounted	An implementation of A* for finding the shortest path between two points on a partial 2D grid.	
AcceptDialog	Window	A base dialog used for user notification.	
AimModifier3D	BoneConstraint3D	The [AimModifier3D] rotates a bone to look at a reference bone.	
AnimatableBody2D	StaticBody2D	A 2D physics body that can't be moved by external forces. When moved manually, it affects other bodies in its path.	
AnimatableBody3D	StaticBody3D	A 3D physics body that can't be moved by external forces. When moved manually, it affects other bodies in its path.	
AnimatedSprite2D	Node2D	Sprite node that contains multiple textures as frames to play for animation.	
AnimatedSprite3D	SpriteBase3D	2D sprite node in 3D world, that can use multiple 2D textures for animation.	
AnimatedTexture	Texture2D	Proxy texture for simple frame-based animations.	
Animation	Resource	Holds data that can be used to animate anything in the engine.	
AnimationLibrary	Resource	Container for [Animation] resources.	
AnimationMixer	Node	Base class for [AnimationPlayer] and [AnimationTree].	
AnimationNode	Resource	Base class for [AnimationTree] nodes. Not related to scene nodes.	
AnimationNodeAdd2	AnimationNodeSync	Blends two animations additively inside of an [AnimationNodeBlendTree].	
AnimationNodeAdd3	AnimationNodeSync	Blends two of three animations additively inside of an [AnimationNodeBlendTree].	
AnimationNodeAnimation	AnimationRootNode	An input animation for an [AnimationNodeBlendTree].	
AnimationNodeBlend2	AnimationNodeSync	Blends two animations linearly inside of an [AnimationNodeBlendTree].	
AnimationNodeBlend3	AnimationNodeSync	Blends two of three animations linearly inside of an [AnimationNodeBlendTree].	
AnimationNodeBlendSpace1D	AnimationRootNode	A set of [AnimationRootNode]s placed on a virtual axis, crossfading between the two adjacent ones. Used by [AnimationTree].	
AnimationNodeBlendSpace2D	AnimationRootNode	A set of [AnimationRootNode]s placed on 2D coordinates, crossfading between the three adjacent ones. Used by [AnimationTree].	
AnimationNodeBlendTree	AnimationRootNode	A sub-tree of many type [AnimationNode]s used for complex animations. Used by [AnimationTree].	
AnimationNodeExtension	AnimationNode	Base class for extending [AnimationRootNode]s from GDScript, C#, or C++.	
AnimationNodeOneShot	AnimationNodeSync	Plays an animation once in an [AnimationNodeBlendTree].	
AnimationNodeOutput	AnimationNode	The animation output node of an [AnimationNodeBlendTree].	
AnimationNodeStateMachine	AnimationRootNode	A state machine with multiple [AnimationRootNode]s, used by [AnimationTree].	
AnimationNodeStateMachinePlayback	Resource	Provides playback control for an [AnimationNodeStateMachine].	
AnimationNodeStateMachineTransition	Resource	A transition within an [AnimationNodeStateMachine] connecting two [AnimationRootNode]s.	
AnimationNodeSub2	AnimationNodeSync	Blends two animations subtractively inside of an [AnimationNodeBlendTree].	
AnimationNodeSync	AnimationNode	Base class for [AnimationNode]s with multiple input ports that must be synchronized.	
AnimationNodeTimeScale	AnimationNode	A time-scaling animation node used in [AnimationTree].	
AnimationNodeTimeSeek	AnimationNode	A time-seeking animation node used in [AnimationTree].	
AnimationNodeTransition	AnimationNodeSync	A transition within an [AnimationTree] connecting two [AnimationNode]s.	
AnimationPlayer	AnimationMixer	A node used for animation playback.	
AnimationRootNode	AnimationNode	Base class for [AnimationNode]s that hold one or multiple composite animations. Usually used for [member AnimationTree.tree_root].	
AnimationTree	AnimationMixer	A node used for advanced animation transitions in an [AnimationPlayer].	
Area2D	CollisionObject2D	A region of 2D space that detects other [CollisionObject2D]s entering or exiting it.	
Area3D	CollisionObject3D	A region of 3D space that detects other [CollisionObject3D]s entering or exiting it.	
Array		A built-in data structure that holds a sequence of elements.	
ArrayMesh	Mesh	[Mesh] type that provides utility for constructing a surface from arrays.	
ArrayOccluder3D	Occluder3D	3D polygon shape for use with occlusion culling in [OccluderInstance3D].	
AspectRatioContainer	Container	A container that preserves the proportions of its child controls.	
AtlasTexture	Texture2D	A texture that crops out part of another Texture2D.	
AudioBusLayout	Resource	Stores information about the audio buses.	
AudioEffect	Resource	Base class for audio effect resources.	
AudioEffectAmplify	AudioEffect	Adds an amplifying audio effect to an audio bus.	
AudioEffectBandLimitFilter	AudioEffectFilter	Adds a band limit filter to the audio bus.	
AudioEffectBandPassFilter	AudioEffectFilter	Adds a band pass filter to the audio bus.	
AudioEffectCapture	AudioEffect	Captures audio from an audio bus in real-time.	
AudioEffectChorus	AudioEffect	Adds a chorus audio effect.	
AudioEffectCompressor	AudioEffect	Adds a compressor audio effect to an audio bus. Reduces sounds that exceed a certain threshold level, smooths out the dynamics and increases the overall volume.	
AudioEffectDelay	AudioEffect	Adds a delay audio effect to an audio bus. Plays input signal back after a period of time. Two tap delay and feedback options.	
AudioEffectDistortion	AudioEffect	Adds a distortion audio effect to an Audio bus. Modifies the sound to make it distorted.	
AudioEffectEQ	AudioEffect	Base class for audio equalizers. Gives you control over frequencies. Use it to create a custom equalizer if [AudioEffectEQ6], [AudioEffectEQ10] or [AudioEffectEQ21] don't fit your needs.	
AudioEffectEQ10	AudioEffectEQ	Adds a 10-band equalizer audio effect to an Audio bus. Gives you control over frequencies from 31 Hz to 16000 Hz. Each frequency can be modulated between -60/+24 dB.	
AudioEffectEQ21	AudioEffectEQ	Adds a 21-band equalizer audio effect to an Audio bus. Gives you control over frequencies from 22 Hz to 22000 Hz. Each frequency can be modulated between -60/+24 dB.	
AudioEffectEQ6	AudioEffectEQ	Adds a 6-band equalizer audio effect to an audio bus. Gives you control over frequencies from 32 Hz to 10000 Hz. Each frequency can be modulated between -60/+24 dB.	
AudioEffectFilter	AudioEffect	Adds a filter to the audio bus.	
AudioEffectHardLimiter	AudioEffect	Adds a hard limiter audio effect to an Audio bus.	
AudioEffectHighPassFilter	AudioEffectFilter	Adds a high-pass filter to the audio bus.	
AudioEffectHighShelfFilter	AudioEffectFilter	Adds a high-shelf filter to the audio bus.	
AudioEffectInstance	RefCounted	Manipulates the audio it receives for a given effect.	
AudioEffectLimiter	AudioEffect	Adds a soft-clip limiter audio effect to an Audio bus.	
AudioEffectLowPassFilter	AudioEffectFilter	Adds a low-pass filter to the audio bus.	
AudioEffectLowShelfFilter	AudioEffectFilter	Adds a low-shelf filter to the audio bus.	
AudioEffectNotchFilter	AudioEffectFilter	Adds a notch filter to the Audio bus.	
AudioEffectPanner	AudioEffect	Adds a panner audio effect to an audio bus. Pans sound left or right.	
AudioEffectPhaser	AudioEffect	Adds a phaser audio effect to an audio bus. Combines the original signal with a copy that is slightly out of phase with the original.	
AudioEffectPitchShift	AudioEffect	Adds a pitch-shifting audio effect to an audio bus. Raises or lowers the pitch of original sound.	
AudioEffectRecord	AudioEffect	Audio effect used for recording the sound from an audio bus.	
AudioEffectReverb	AudioEffect	Adds a reverberation audio effect to an Audio bus.	
AudioEffectSpectrumAnalyzer	AudioEffect	Audio effect that can be used for real-time audio visualizations.	
AudioEffectSpectrumAnalyzerInstance	AudioEffectInstance	Queryable instance of an [AudioEffectSpectrumAnalyzer].	
AudioEffectStereoEnhance	AudioEffect	An audio effect that can be used to adjust the intensity of stereo panning.	
AudioListener2D	Node2D	Overrides the location sounds are heard from.	
AudioListener3D	Node3D	Overrides the location sounds are heard from.	
AudioSample	RefCounted	Base class for audio samples.	
AudioSamplePlayback	RefCounted	Meta class for playing back audio samples.	
AudioServer	Object	Server interface for low-level audio access.	
AudioStream	Resource	Base class for audio streams.	
AudioStreamGenerator	AudioStream	An audio stream with utilities for procedural sound generation.	
AudioStreamGeneratorPlayback	AudioStreamPlaybackResampled	Plays back audio generated using [AudioStreamGenerator].	
AudioStreamInteractive	AudioStream	Audio stream that can playback music interactively, combining clips and a transition table.	
AudioStreamMP3	AudioStream	MP3 audio stream driver.	
AudioStreamMicrophone	AudioStream	Plays real-time audio input data.	
AudioStreamOggVorbis	AudioStream	A class representing an Ogg Vorbis audio stream.	
AudioStreamPlayback	RefCounted	Meta class for playing back audio.	
AudioStreamPlaybackInteractive	AudioStreamPlayback	Playback component of [AudioStreamInteractive].	
AudioStreamPlaybackOggVorbis	AudioStreamPlaybackResampled		
AudioStreamPlaybackPlaylist	AudioStreamPlayback	Playback class used for [AudioStreamPlaylist].	
AudioStreamPlaybackPolyphonic	AudioStreamPlayback	Playback instance for [AudioStreamPolyphonic].	
AudioStreamPlaybackResampled	AudioStreamPlayback		
AudioStreamPlaybackSynchronized	AudioStreamPlayback		
AudioStreamPlayer	Node	A node for audio playback.	
AudioStreamPlayer2D	Node2D	Plays positional sound in 2D space.	
AudioStreamPlayer3D	Node3D	Plays positional sound in 3D space.	
AudioStreamPlaylist	AudioStream	[AudioStream] that includes sub-streams and plays them back like a playlist.	
AudioStreamPolyphonic	AudioStream	AudioStream that lets the user play custom streams at any time from code, simultaneously using a single player.	
AudioStreamRandomizer	AudioStream	Wraps a pool of audio streams with pitch and volume shifting.	
AudioStreamSynchronized	AudioStream	Stream that can be fitted with sub-streams, which will be played in-sync.	
AudioStreamWAV	AudioStream	Stores audio data loaded from WAV files.	
BackBufferCopy	Node2D	A node that copies a region of the screen to a buffer for access in shader code.	
BaseButton	Control	Abstract base class for GUI buttons.	
BaseMaterial3D	Material	Abstract base class for defining the 3D rendering properties of meshes.	
Basis		A 3×3 matrix for representing 3D rotation and scale.	
BitMap	Resource	Boolean matrix.	
Bone2D	Node2D	A joint used with [Skeleton2D] to control and animate other nodes.	
BoneAttachment3D	Node3D	А node that dynamically copies or overrides the 3D transform of a bone in its parent [Skeleton3D].	
BoneConstraint3D	SkeletonModifier3D	A node that may modify Skeleton3D's bone with associating the two bones.	
BoneMap	Resource	Describes a mapping of bone names for retargeting [Skeleton3D] into common names defined by a [SkeletonProfile].	
BoneTwistDisperser3D	SkeletonModifier3D	A node that propagates and disperses the child bone's twist to the parent bones.	
BoxContainer	Container	A container that arranges its child controls horizontally or vertically.	
BoxMesh	PrimitiveMesh	Generate an axis-aligned box [PrimitiveMesh].	
BoxOccluder3D	Occluder3D	Cuboid shape for use with occlusion culling in [OccluderInstance3D].	
BoxShape3D	Shape3D	A 3D box shape used for physics collision.	
Button	BaseButton	A themed button that can contain text and an icon.	
ButtonGroup	Resource	A group of buttons that doesn't allow more than one button to be pressed at a time.	
CCDIK3D	IterateIK3D	Rotation based cyclic coordinate descent inverse kinematics solver.	
CPUParticles2D	Node2D	A CPU-based 2D particle emitter.	
CPUParticles3D	GeometryInstance3D	A CPU-based 3D particle emitter.	
CSGBox3D	CSGPrimitive3D	A CSG Box shape.	
CSGCombiner3D	CSGShape3D	A CSG node that allows you to combine other CSG modifiers.	
CSGCylinder3D	CSGPrimitive3D	A CSG Cylinder shape.	
CSGMesh3D	CSGPrimitive3D	A CSG Mesh shape that uses a mesh resource.	
CSGPolygon3D	CSGPrimitive3D	Extrudes a 2D polygon shape to create a 3D mesh.	
CSGPrimitive3D	CSGShape3D	Base class for CSG primitives.	
CSGShape3D	GeometryInstance3D	The CSG base class.	
CSGSphere3D	CSGPrimitive3D	A CSG Sphere shape.	
CSGTorus3D	CSGPrimitive3D	A CSG Torus shape.	
CSharpScript	Script	A script implemented in the C# programming language, saved with the [code].cs[/code] extension (Mono-enabled builds only).	
Callable		A built-in type representing a method or a standalone function.	
CallbackTweener	Tweener	Calls the specified method after optional delay.	
Camera2D	Node2D	Camera node for 2D scenes.	
Camera3D	Node3D	Camera node, displays from a point of view.	
CameraAttributes	Resource	Parent class for camera settings.	
CameraAttributesPhysical	CameraAttributes	Physically-based camera settings.	
CameraAttributesPractical	CameraAttributes	Camera settings in an easy to use format.	
CameraFeed	RefCounted	A camera feed gives you access to a single physical camera attached to your device.	
CameraServer	Object	Server keeping track of different cameras accessible in Godot.	
CameraTexture	Texture2D	Texture provided by a [CameraFeed].	
CanvasGroup	Node2D	Merges several 2D nodes into a single draw operation.	
CanvasItem	Node	Abstract base class for everything in 2D space.	
CanvasItemMaterial	Material	A material for [CanvasItem]s.	
CanvasLayer	Node	A node used for independent rendering of objects within a 2D scene.	
CanvasModulate	Node2D	A node that applies a color tint to a canvas.	
CanvasTexture	Texture2D	Texture with optional normal and specular maps for use in 2D rendering.	
CapsuleMesh	PrimitiveMesh	Class representing a capsule-shaped [PrimitiveMesh].	
CapsuleShape2D	Shape2D	A 2D capsule shape used for physics collision.	
CapsuleShape3D	Shape3D	A 3D capsule shape used for physics collision.	
CenterContainer	Container	A container that keeps child controls in its center.	
ChainIK3D	IKModifier3D	A [SkeletonModifier3D] to apply inverse kinematics to bone chains containing an arbitrary number of bones.	
CharFXTransform	RefCounted	Controls how an individual character will be displayed in a [RichTextEffect].	
CharacterBody2D	PhysicsBody2D	A 2D physics body specialized for characters moved by script.	
CharacterBody3D	PhysicsBody3D	A 3D physics body specialized for characters moved by script.	
CheckBox	Button	A button that represents a binary choice.	
CheckButton	Button	A button that represents a binary choice.	
CircleShape2D	Shape2D	A 2D circle shape used for physics collision.	
ClassDB	Object	A class information repository.	
CodeEdit	TextEdit	A multiline text editor designed for editing code.	
CodeHighlighter	SyntaxHighlighter	A syntax highlighter intended for code.	
CollisionObject2D	Node2D	Abstract base class for 2D physics objects.	
CollisionObject3D	Node3D	Abstract base class for 3D physics objects.	
CollisionPolygon2D	Node2D	A node that provides a polygon shape to a [CollisionObject2D] parent.	
CollisionPolygon3D	Node3D	A node that provides a thickened polygon shape (a prism) to a [CollisionObject3D] parent.	
CollisionShape2D	Node2D	A node that provides a [Shape2D] to a [CollisionObject2D] parent.	
CollisionShape3D	Node3D	A node that provides a [Shape3D] to a [CollisionObject3D] parent.	
Color		A color represented in RGBA format.	
ColorPalette	Resource	A resource class for managing a palette of colors, which can be loaded and saved using [ColorPicker].	
ColorPicker	VBoxContainer	A widget that provides an interface for selecting or modifying a color.	
ColorPickerButton	Button	A button that brings up a [ColorPicker] when pressed.	
ColorRect	Control	A control that displays a solid color rectangle.	
Compositor	Resource	Stores attributes used to customize how a Viewport is rendered.	
CompositorEffect	Resource	This resource allows for creating a custom rendering effect.	
CompressedCubemap	CompressedTextureLayered	An optionally compressed [Cubemap].	
CompressedCubemapArray	CompressedTextureLayered	An optionally compressed [CubemapArray].	
CompressedTexture2D	Texture2D	Texture with 2 dimensions, optionally compressed.	
CompressedTexture2DArray	CompressedTextureLayered	Array of 2-dimensional textures, optionally compressed.	
CompressedTexture3D	Texture3D	Texture with 3 dimensions, optionally compressed.	
CompressedTextureLayered	TextureLayered	Base class for texture arrays that can optionally be compressed.	
ConcavePolygonShape2D	Shape2D	A 2D polyline shape used for physics collision.	
ConcavePolygonShape3D	Shape3D	A 3D trimesh shape used for physics collision.	
ConeTwistJoint3D	Joint3D	A physics joint that connects two 3D physics bodies in a way that simulates a ball-and-socket joint.	
ConfigFile	RefCounted	Helper class to handle INI-style files.	
ConfirmationDialog	AcceptDialog	A dialog used for confirmation of actions.	
Container	Control	Base class for all GUI containers.	
Control	CanvasItem	Base class for all GUI controls. Adapts its position and size based on its parent control.	
ConvertTransformModifier3D	BoneConstraint3D	A [SkeletonModifier3D] that apply transform to the bone which converted from reference.	
ConvexPolygonShape2D	Shape2D	A 2D convex polygon shape used for physics collision.	
ConvexPolygonShape3D	Shape3D	A 3D convex polyhedron shape used for physics collision.	
CopyTransformModifier3D	BoneConstraint3D	A [SkeletonModifier3D] that apply transform to the bone which copied from reference.	
Crypto	RefCounted	Provides access to advanced cryptographic functionalities.	
CryptoKey	Resource	A cryptographic key (RSA or elliptic-curve).	
Cubemap	ImageTextureLayered	Six square textures representing the faces of a cube. Commonly used as a skybox.	
CubemapArray	ImageTextureLayered	An array of [Cubemap]s, stored together and with a single reference.	
Curve	Resource	A mathematical curve.	
Curve2D	Resource	Describes a Bézier curve in 2D space.	
Curve3D	Resource	Describes a Bézier curve in 3D space.	
CurveTexture	Texture2D	A 1D texture where pixel brightness corresponds to points on a curve.	
CurveXYZTexture	Texture2D	A 1D texture where the red, green, and blue color channels correspond to points on 3 curves.	
CylinderMesh	PrimitiveMesh	Class representing a cylindrical [PrimitiveMesh].	
CylinderShape3D	Shape3D	A 3D cylinder shape used for physics collision.	
DPITexture	Texture2D	An automatically scalable [Texture2D] based on an SVG image.	
DTLSServer	RefCounted	Helper class to implement a DTLS server.	
DampedSpringJoint2D	Joint2D	A physics joint that connects two 2D physics bodies with a spring-like force.	
Decal	VisualInstance3D	Node that projects a texture onto a [MeshInstance3D].	
Dictionary		A built-in data structure that holds key-value pairs.	
DirAccess	RefCounted	Provides methods for managing directories and their content.	
DirectionalLight2D	Light2D	Directional 2D light from a distance.	
DirectionalLight3D	Light3D	Directional light from a distance, as from the Sun.	
DisplayServer	Object	A server interface for low-level window management.	
ENetConnection	RefCounted	A wrapper class for an [url=http://enet.bespin.org/group__host.html]ENetHost[/url].	
ENetMultiplayerPeer	MultiplayerPeer	A MultiplayerPeer implementation using the [url=http://enet.bespin.org/index.html]ENet[/url] library.	
ENetPacketPeer	PacketPeer	A wrapper class for an [url=http://enet.bespin.org/group__peer.html]ENetPeer[/url].	
EditorCommandPalette	ConfirmationDialog	Godot editor's command palette.	
EditorContextMenuPlugin	RefCounted	Plugin for adding custom context menus in the editor.	
EditorDebuggerPlugin	RefCounted	A base class to implement debugger plugins.	
EditorDebuggerSession	RefCounted	A class to interact with the editor debugger.	
EditorDock	MarginContainer	Dockable container for the editor.	
EditorExportPlatform	RefCounted	Identifies a supported export platform, and internally provides the functionality of exporting to that platform.	
EditorExportPlatformAndroid	EditorExportPlatform	Exporter for Android.	
EditorExportPlatformAppleEmbedded	EditorExportPlatform	Base class for the Apple embedded platform exporters (iOS and visionOS).	
EditorExportPlatformExtension	EditorExportPlatform	Base class for custom [EditorExportPlatform] implementations (plugins).	
EditorExportPlatformIOS	EditorExportPlatformAppleEmbedded	Exporter for iOS.	
EditorExportPlatformLinuxBSD	EditorExportPlatformPC	Exporter for Linux/BSD.	
EditorExportPlatformMacOS	EditorExportPlatform	Exporter for macOS.	
EditorExportPlatformPC	EditorExportPlatform	Base class for the desktop platform exporter (Windows and Linux/BSD).	
EditorExportPlatformVisionOS	EditorExportPlatformAppleEmbedded	Exporter for visionOS.	
EditorExportPlatformWeb	EditorExportPlatform	Exporter for the Web.	
EditorExportPlatformWindows	EditorExportPlatformPC	Exporter for Windows.	
EditorExportPlugin	RefCounted	A script that is executed when exporting the project.	
EditorExportPreset	RefCounted	Export preset configuration.	
EditorFeatureProfile	RefCounted	An editor feature profile which can be used to disable specific features.	
EditorFileDialog	FileDialog	A modified version of [FileDialog] used by the editor.	
EditorFileSystem	Node	Resource filesystem, as the editor sees it.	
EditorFileSystemDirectory	Object	A directory for the resource filesystem.	
EditorFileSystemImportFormatSupportQuery	RefCounted	Used to query and configure import format support.	
EditorImportPlugin	ResourceImporter	Registers a custom resource importer in the editor. Use the class to parse any file and import it as a new resource type.	
EditorInspector	ScrollContainer	A control used to edit properties of an object.	
EditorInspectorPlugin	RefCounted	Plugin for adding custom property editors on the inspector.	
EditorInterface	Object	Godot editor's interface.	
EditorNode3DGizmo	Node3DGizmo	Gizmo for editing [Node3D] objects.	
EditorNode3DGizmoPlugin	Resource	A class used by the editor to define Node3D gizmo types.	
EditorPaths	Object	Editor-only singleton that returns paths to various OS-specific data folders and files.	
EditorPlugin	Node	Used by the editor to extend its functionality.	
EditorProperty	Container	Custom control for editing properties that can be added to the [EditorInspector].	
EditorResourceConversionPlugin	RefCounted	Plugin for adding custom converters from one resource format to another in the editor resource picker context menu; for example, converting a [StandardMaterial3D] to a [ShaderMaterial].	
EditorResourcePicker	HBoxContainer	Godot editor's control for selecting [Resource] type properties.	
EditorResourcePreview	Node	A node used to generate previews of resources or files.	
EditorResourcePreviewGenerator	RefCounted	Custom generator of previews.	
EditorResourceTooltipPlugin	RefCounted	A plugin that advanced tooltip for its handled resource type.	
EditorSceneFormatImporter	RefCounted	Imports scenes from third-parties' 3D files.	
EditorSceneFormatImporterBlend	EditorSceneFormatImporter	Importer for Blender's [code].blend[/code] scene file format.	
EditorSceneFormatImporterFBX2GLTF	EditorSceneFormatImporter	Importer for the [code].fbx[/code] scene file format.	
EditorSceneFormatImporterGLTF	EditorSceneFormatImporter		
EditorSceneFormatImporterUFBX	EditorSceneFormatImporter	Import FBX files using the ufbx library.	
EditorScenePostImport	RefCounted	Post-processes scenes after import.	
EditorScenePostImportPlugin	RefCounted	Plugin to control and modifying the process of importing a scene.	
EditorScript	RefCounted	Base script that can be used to add extension functions to the editor.	
EditorScriptPicker	EditorResourcePicker	Godot editor's control for selecting the [code]script[/code] property of a [Node].	
EditorSelection	Object	Manages the SceneTree selection in the editor.	
EditorSettings	Resource	Object that holds the project-independent editor settings.	
EditorSpinSlider	Range	Godot editor's control for editing numeric values.	
EditorSyntaxHighlighter	SyntaxHighlighter	Base class for [SyntaxHighlighter] used by the [ScriptEditor].	
EditorToaster	HBoxContainer	Manages toast notifications within the editor.	
EditorTranslationParserPlugin	RefCounted	Plugin for adding custom parsers to extract strings that are to be translated from custom files (.csv, .json etc.).	
EditorUndoRedoManager	Object	Manages undo history of scenes opened in the editor.	
EditorVCSInterface	Object	Version Control System (VCS) interface, which reads and writes to the local VCS in use.	
EncodedObjectAsID	RefCounted	Holds a reference to an [Object]'s instance ID.	
Engine	Object	Provides access to engine properties.	
EngineDebugger	Object	Exposes the internal debugger.	
EngineProfiler	RefCounted	Base class for creating custom profilers.	
Environment	Resource	Resource for environment nodes (like [WorldEnvironment]) that define multiple rendering options.	
Expression	RefCounted	A class that stores an expression you can execute.	
ExternalTexture	Texture2D	Texture which displays the content of an external buffer.	
FABRIK3D	IterateIK3D	Position based forward and backward reaching inverse kinematics solver.	
FBXDocument	GLTFDocument	Handles FBX documents.	
FBXState	GLTFState		
FastNoiseLite	Noise	Generates noise using the FastNoiseLite library.	
FileAccess	RefCounted	Provides methods for file reading and writing operations.	
FileDialog	ConfirmationDialog	A dialog for selecting files or directories in the filesystem.	
FileSystemDock	EditorDock	Godot editor's dock for managing files in the project.	
FlowContainer	Container	A container that arranges its child controls horizontally or vertically and wraps them around at the borders.	
FogMaterial	Material	A material that controls how volumetric fog is rendered, to be assigned to a [FogVolume].	
FogVolume	VisualInstance3D	A region that contributes to the default volumetric fog from the world environment.	
FoldableContainer	Container	A container that can be expanded/collapsed.	
FoldableGroup	Resource	A group of foldable containers that doesn't allow more than one container to be expanded at a time.	
Font	Resource	Abstract base class for fonts and font variations.	
FontFile	Font	Holds font source data and prerendered glyph cache, imported from a dynamic or a bitmap font.	
FontVariation	Font	A variation of a font with additional settings.	
FramebufferCacheRD	Object	Framebuffer cache manager for Rendering Device based renderers.	
GDExtension	Resource	A native library for GDExtension.	
GDExtensionManager	Object	Provides access to GDExtension functionality.	
GDScript	Script	A script implemented in the GDScript programming language.	
GDScriptSyntaxHighlighter	EditorSyntaxHighlighter	A GDScript syntax highlighter that can be used with [TextEdit] and [CodeEdit] nodes.	
GLTFAccessor	Resource	Represents a glTF accessor.	
GLTFAnimation	Resource		
GLTFBufferView	Resource	Represents a glTF buffer view.	
GLTFCamera	Resource	Represents a glTF camera.	
GLTFDocument	Resource	Class for importing and exporting glTF files in and out of Godot.	
GLTFDocumentExtension	Resource	[GLTFDocument] extension class.	
GLTFDocumentExtensionConvertImporterMesh	GLTFDocumentExtension		
GLTFLight	Resource	Represents a glTF light.	
GLTFMesh	Resource	GLTFMesh represents a glTF mesh.	
GLTFNode	Resource	glTF node class.	
GLTFObjectModelProperty	RefCounted	Describes how to access a property as defined in the glTF object model.	
GLTFPhysicsBody	Resource	Represents a glTF physics body.	
GLTFPhysicsShape	Resource	Represents a glTF physics shape.	
GLTFSkeleton	Resource		
GLTFSkin	Resource		
GLTFSpecGloss	Resource	Archived glTF extension for specular/glossy materials.	
GLTFState	Resource	Represents all data of a glTF file.	
GLTFTexture	Resource	GLTFTexture represents a texture in a glTF file.	
GLTFTextureSampler	Resource	Represents a glTF texture sampler	
GPUParticles2D	Node2D	A 2D particle emitter.	
GPUParticles3D	GeometryInstance3D	A 3D particle emitter.	
GPUParticlesAttractor3D	VisualInstance3D	Abstract base class for 3D particle attractors.	
GPUParticlesAttractorBox3D	GPUParticlesAttractor3D	A box-shaped attractor that influences particles from [GPUParticles3D] nodes.	
GPUParticlesAttractorSphere3D	GPUParticlesAttractor3D	A spheroid-shaped attractor that influences particles from [GPUParticles3D] nodes.	
GPUParticlesAttractorVectorField3D	GPUParticlesAttractor3D	A box-shaped attractor with varying directions and strengths defined in it that influences particles from [GPUParticles3D] nodes.	
GPUParticlesCollision3D	VisualInstance3D	Abstract base class for 3D particle collision shapes affecting [GPUParticles3D] nodes.	
GPUParticlesCollisionBox3D	GPUParticlesCollision3D	A box-shaped 3D particle collision shape affecting [GPUParticles3D] nodes.	
GPUParticlesCollisionHeightField3D	GPUParticlesCollision3D	A real-time heightmap-shaped 3D particle collision shape affecting [GPUParticles3D] nodes.	
GPUParticlesCollisionSDF3D	GPUParticlesCollision3D	A baked signed distance field 3D particle collision shape affecting [GPUParticles3D] nodes.	
GPUParticlesCollisionSphere3D	GPUParticlesCollision3D	A sphere-shaped 3D particle collision shape affecting [GPUParticles3D] nodes.	
Generic6DOFJoint3D	Joint3D	A physics joint that allows for complex movement and rotation between two 3D physics bodies.	
Geometry2D	Object	Provides methods for some common 2D geometric operations.	
Geometry3D	Object	Provides methods for some common 3D geometric operations.	
GeometryInstance3D	VisualInstance3D	Base node for geometry-based visual instances.	
GodotInstance	Object	Provides access to an embedded Godot instance.	
Gradient	Resource	A color transition.	
GradientTexture1D	Texture2D	A 1D texture that uses colors obtained from a [Gradient].	
GradientTexture2D	Texture2D	A 2D texture that creates a pattern with colors obtained from a [Gradient].	
GraphEdit	Control	An editor for graph-like structures, using [GraphNode]s.	
GraphElement	Container	A container that represents a basic element that can be placed inside a [GraphEdit] control.	
GraphFrame	GraphElement	GraphFrame is a special [GraphElement] that can be used to organize other [GraphElement]s inside a [GraphEdit].	
GraphNode	GraphElement	A container with connection ports, representing a node in a [GraphEdit].	
GridContainer	Container	A container that arranges its child controls in a grid layout.	
GridMap	Node3D	Node for 3D tile-based maps.	
GridMapEditorPlugin	EditorPlugin	Editor for [GridMap] nodes.	
GrooveJoint2D	Joint2D	A physics joint that restricts the movement of two 2D physics bodies to a fixed axis.	
HBoxContainer	BoxContainer	A container that arranges its child controls horizontally.	
HFlowContainer	FlowContainer	A container that arranges its child controls horizontally and wraps them around at the borders.	
HMACContext	RefCounted	Used to create an HMAC for a message using a key.	
HScrollBar	ScrollBar	A horizontal scrollbar that goes from left (min) to right (max).	
HSeparator	Separator	A horizontal line used for separating other controls.	
HSlider	Slider	A horizontal slider that goes from left (min) to right (max).	
HSplitContainer	SplitContainer	A container that splits two child controls horizontally and provides a grabber for adjusting the split ratio.	
HTTPClient	RefCounted	Low-level hyper-text transfer protocol client.	
HTTPRequest	Node	A node with the ability to send HTTP(S) requests.	
HashingContext	RefCounted	Provides functionality for computing cryptographic hashes chunk by chunk.	
HeightMapShape3D	Shape3D	A 3D heightmap shape used for physics collision.	
HingeJoint3D	Joint3D	A physics joint that restricts the rotation of a 3D physics body around an axis relative to another physics body.	
IKModifier3D	SkeletonModifier3D	A node for inverse kinematics which may modify more than one bone.	
IP	Object	Internet protocol (IP) support functions such as DNS resolution.	
Image	Resource	Image datatype.	
ImageFormatLoader	RefCounted	Base class to add support for specific image formats.	
ImageFormatLoaderExtension	ImageFormatLoader	Base class for creating [ImageFormatLoader] extensions (adding support for extra image formats).	
ImageTexture	Texture2D	A [Texture2D] based on an [Image].	
ImageTexture3D	Texture3D	Texture with 3 dimensions.	
ImageTextureLayered	TextureLayered	Base class for texture types which contain the data of multiple [ImageTexture]s. Each image is of the same size and format.	
ImmediateMesh	Mesh	Mesh optimized for creating geometry manually.	
ImporterMesh	Resource	A [Resource] that contains vertex array-based geometry during the import process.	
ImporterMeshInstance3D	Node3D		
Input	Object	A singleton for handling inputs.	
InputEvent	Resource	Abstract base class for input events.	
InputEventAction	InputEvent	An input event type for actions.	
InputEventFromWindow	InputEvent	Abstract base class for [Viewport]-based input events.	
InputEventGesture	InputEventWithModifiers	Abstract base class for touch gestures.	
InputEventJoypadButton	InputEvent	Represents a gamepad button being pressed or released.	
InputEventJoypadMotion	InputEvent	Represents axis motions (such as joystick or analog triggers) from a gamepad.	
InputEventKey	InputEventWithModifiers	Represents a key on a keyboard being pressed or released.	
InputEventMIDI	InputEvent	Represents a MIDI message from a MIDI device, such as a musical keyboard.	
InputEventMagnifyGesture	InputEventGesture	Represents a magnifying touch gesture.	
InputEventMouse	InputEventWithModifiers	Base input event type for mouse events.	
InputEventMouseButton	InputEventMouse	Represents a mouse button being pressed or released.	
InputEventMouseMotion	InputEventMouse	Represents a mouse or a pen movement.	
InputEventPanGesture	InputEventGesture	Represents a panning touch gesture.	
InputEventScreenDrag	InputEventFromWindow	Represents a screen drag event.	
InputEventScreenTouch	InputEventFromWindow	Represents a screen touch event.	
InputEventShortcut	InputEvent	Represents a triggered keyboard [Shortcut].	
InputEventWithModifiers	InputEventFromWindow	Abstract base class for input events affected by modifier keys like [kbd]Shift[/kbd] and [kbd]Alt[/kbd].	
InputMap	Object	A singleton that manages all [InputEventAction]s.	
InstancePlaceholder	Node	Placeholder for the root [Node] of a [PackedScene].	
IntervalTweener	Tweener	Creates an idle interval in a [Tween] animation.	
ItemList	Control	A vertical list of selectable items with one or multiple columns.	
IterateIK3D	ChainIK3D	A [SkeletonModifier3D] to approach the goal by repeating small rotations.	
JNISingleton	Object	Singleton that connects the engine with Android plugins to interface with native Android code.	
JSON	Resource	Helper class for creating and parsing JSON data.	
JSONRPC	Object	A helper to handle dictionaries which look like JSONRPC documents.	
JacobianIK3D	IterateIK3D	Jacobian transpose based inverse kinematics solver.	
JavaClass	RefCounted	Represents a class from the Java Native Interface.	
JavaClassWrapper	Object	Provides access to the Java Native Interface.	
JavaObject	RefCounted	Represents an object from the Java Native Interface.	
JavaScriptBridge	Object	Singleton that connects the engine with the browser's JavaScript context in Web export.	
JavaScriptObject	RefCounted	A wrapper class for web native JavaScript objects.	
Joint2D	Node2D	Abstract base class for all 2D physics joints.	
Joint3D	Node3D	Abstract base class for all 3D physics joints.	
JointLimitation3D	Resource	A base class of the limitation that interacts with [ChainIK3D].	
JointLimitationCone3D	JointLimitation3D	A cone shape limitation that interacts with [ChainIK3D].	
KinematicCollision2D	RefCounted	Holds collision data from the movement of a [PhysicsBody2D].	
KinematicCollision3D	RefCounted	Holds collision data from the movement of a [PhysicsBody3D].	
Label	Control	A control for displaying plain text.	
Label3D	GeometryInstance3D	A node for displaying plain text in 3D space.	
LabelSettings	Resource	Provides common settings to customize the text in a [Label].	
Light2D	Node2D	Casts light in a 2D environment.	
Light3D	VisualInstance3D	Provides a base class for different kinds of light nodes.	
LightOccluder2D	Node2D	Occludes light cast by a Light2D, casting shadows.	
LightmapGI	VisualInstance3D	Computes and stores baked lightmaps for fast global illumination.	
LightmapGIData	Resource	Contains baked lightmap and dynamic object probe data for [LightmapGI].	
LightmapProbe	Node3D	Represents a single manually placed probe for dynamic object lighting with [LightmapGI].	
Lightmapper	RefCounted	Abstract class extended by lightmappers, for use in [LightmapGI].	
LightmapperRD	Lightmapper	The built-in GPU-based lightmapper for use with [LightmapGI].	
LimitAngularVelocityModifier3D	SkeletonModifier3D	Limit bone rotation angular velocity.	
Line2D	Node2D	A 2D polyline that can optionally be textured.	
LineEdit	Control	An input field for single-line text.	
LinkButton	BaseButton	A button that represents a link.	
Logger	RefCounted	Custom logger to receive messages from the internal error/warning stream.	
LookAtModifier3D	SkeletonModifier3D	The [LookAtModifier3D] rotates a bone to look at a target.	
MainLoop	Object	Abstract base class for the game's main loop.	
MarginContainer	Container	A container that keeps a margin around its child controls.	
Marker2D	Node2D	Generic 2D position hint for editing.	
Marker3D	Node3D	Generic 3D position hint for editing.	
Marshalls	Object	Data transformation (marshaling) and encoding helpers.	
Material	Resource	Virtual base class for applying visual properties to an object, such as color and roughness.	
MenuBar	Control	A horizontal menu bar that creates a menu for each [PopupMenu] child.	
MenuButton	Button	A button that brings up a [PopupMenu] when clicked.	
Mesh	Resource	A [Resource] that contains vertex array-based geometry.	
MeshConvexDecompositionSettings	RefCounted	Parameters to be used with a [Mesh] convex decomposition operation.	
MeshDataTool	RefCounted	Helper tool to access and edit [Mesh] data.	
MeshInstance2D	Node2D	Node used for displaying a [Mesh] in 2D.	
MeshInstance3D	GeometryInstance3D	Node that instances meshes into a scenario.	
MeshLibrary	Resource	Library of meshes.	
MeshTexture	Texture2D	Simple texture that uses a mesh to draw itself.	
MethodTweener	Tweener	Interpolates an abstract value and supplies it to a method called over time.	
MissingNode	Node	An internal editor class intended for keeping the data of unrecognized nodes.	
MissingResource	Resource	An internal editor class intended for keeping the data of unrecognized resources.	
MobileVRInterface	XRInterface	Generic mobile VR implementation.	
ModifierBoneTarget3D	SkeletonModifier3D	А node that dynamically copies the 3D transform of a bone in its parent [Skeleton3D].	
MovieWriter	Object	Abstract class for non-real-time video recording encoders.	
MultiMesh	Resource	Provides high-performance drawing of a mesh multiple times using GPU instancing.	
MultiMeshInstance2D	Node2D	Node that instances a [MultiMesh] in 2D.	
MultiMeshInstance3D	GeometryInstance3D	Node that instances a [MultiMesh].	
MultiplayerAPI	RefCounted	High-level multiplayer API interface.	
MultiplayerAPIExtension	MultiplayerAPI	Base class used for extending the [MultiplayerAPI].	
MultiplayerPeer	PacketPeer	Abstract class for specialized [PacketPeer]s used by the [MultiplayerAPI].	
MultiplayerPeerExtension	MultiplayerPeer	Class that can be inherited to implement custom multiplayer API networking layers via GDExtension.	
MultiplayerSpawner	Node	Automatically replicates spawnable nodes from the authority to other multiplayer peers.	
MultiplayerSynchronizer	Node	Synchronizes properties from the multiplayer authority to the remote peers.	
Mutex	RefCounted	A binary [Semaphore] for synchronization of multiple [Thread]s.	
NativeMenu	Object	A server interface for OS native menus.	
NavigationAgent2D	Node	A 2D agent used to pathfind to a position while avoiding obstacles.	
NavigationAgent3D	Node	A 3D agent used to pathfind to a position while avoiding obstacles.	
NavigationLink2D	Node2D	A link between two positions on [NavigationRegion2D]s that agents can be routed through.	
NavigationLink3D	Node3D	A link between two positions on [NavigationRegion3D]s that agents can be routed through.	
NavigationMesh	Resource	A navigation mesh that defines traversable areas and obstacles.	
NavigationMeshGenerator	Object	Helper class for creating and clearing navigation meshes.	
NavigationMeshSourceGeometryData2D	Resource	Container for parsed source geometry data used in navigation mesh baking.	
NavigationMeshSourceGeometryData3D	Resource	Container for parsed source geometry data used in navigation mesh baking.	
NavigationObstacle2D	Node2D	2D obstacle used to affect navigation mesh baking or constrain velocities of avoidance controlled agents.	
NavigationObstacle3D	Node3D	3D obstacle used to affect navigation mesh baking or constrain velocities of avoidance controlled agents.	
NavigationPathQueryParameters2D	RefCounted	Provides parameters for 2D navigation path queries.	
NavigationPathQueryParameters3D	RefCounted	Provides parameters for 3D navigation path queries.	
NavigationPathQueryResult2D	RefCounted	Represents the result of a 2D pathfinding query.	
NavigationPathQueryResult3D	RefCounted	Represents the result of a 3D pathfinding query.	
NavigationPolygon	Resource	A 2D navigation mesh that describes a traversable surface for pathfinding.	
NavigationRegion2D	Node2D	A traversable 2D region that [NavigationAgent2D]s can use for pathfinding.	
NavigationRegion3D	Node3D	A traversable 3D region that [NavigationAgent3D]s can use for pathfinding.	
NavigationServer2D	Object	A server interface for low-level 2D navigation access.	
NavigationServer2DManager	Object	A singleton for managing [NavigationServer2D] implementations.	
NavigationServer3D	Object	A server interface for low-level 3D navigation access.	
NavigationServer3DManager	Object	A singleton for managing [NavigationServer3D] implementations.	
Nil			
NinePatchRect	Control	A control that displays a texture by keeping its corners intact, but tiling its edges and center.	
Node	Object	Base class for all scene objects.	
Node2D	CanvasItem	A 2D game object, inherited by all 2D-related nodes. Has a position, rotation, scale, and skew.	
Node3D	Node	Base object in 3D space, inherited by all 3D nodes.	
Node3DGizmo	RefCounted	Abstract class to expose editor gizmos for [Node3D].	
NodePath		A pre-parsed scene tree path.	
Noise	Resource	Abstract base class for noise generators.	
NoiseTexture2D	Texture2D	A 2D texture filled with noise generated by a [Noise] object.	
NoiseTexture3D	Texture3D	A 3D texture filled with noise generated by a [Noise] object.	
ORMMaterial3D	BaseMaterial3D	A PBR (Physically Based Rendering) material to be used on 3D objects. Uses an ORM texture.	
OS	Object	Provides access to common operating system functionalities.	
Object		Base class for all other classes in the engine.	
Occluder3D	Resource	Occluder shape resource for use with occlusion culling in [OccluderInstance3D].	
OccluderInstance3D	VisualInstance3D	Provides occlusion culling for 3D nodes, which improves performance in closed areas.	
OccluderPolygon2D	Resource	Defines a 2D polygon for LightOccluder2D.	
OfflineMultiplayerPeer	MultiplayerPeer	A [MultiplayerPeer] which is always connected and acts as a server.	
OggPacketSequence	Resource	A sequence of Ogg packets.	
OggPacketSequencePlayback	RefCounted		
OmniLight3D	Light3D	Omnidirectional light, such as a light bulb or a candle.	
OpenXRAPIExtension	RefCounted	Makes the OpenXR API available for GDExtension.	
OpenXRAction	Resource	An OpenXR action.	
OpenXRActionBindingModifier	OpenXRBindingModifier	Binding modifier that applies on individual actions related to an interaction profile.	
OpenXRActionMap	Resource	Collection of [OpenXRActionSet] and [OpenXRInteractionProfile] resources for the OpenXR module.	
OpenXRActionSet	Resource	Collection of [OpenXRAction] resources that make up an action set.	
OpenXRAnalogThresholdModifier	OpenXRActionBindingModifier	The analog threshold binding modifier can modify a float input to a boolean input with specified thresholds.	
OpenXRAnchorTracker	OpenXRSpatialEntityTracker	Positional tracker for our spatial entity anchor extension.	
OpenXRAndroidThreadSettingsExtension	OpenXRExtensionWrapper	Wraps the [url=https://registry.khronos.org/OpenXR/specs/1.1/html/xrspec.html#XR_KHR_android_thread_settings]XR_KHR_android_thread_settings[/url] extension.	
OpenXRBindingModifier	Resource	Binding modifier base class.	
OpenXRBindingModifierEditor	PanelContainer	Binding modifier editor.	
OpenXRCompositionLayer	Node3D	The parent class of all OpenXR composition layer nodes.	
OpenXRCompositionLayerCylinder	OpenXRCompositionLayer	An OpenXR composition layer that is rendered as an internal slice of a cylinder.	
OpenXRCompositionLayerEquirect	OpenXRCompositionLayer	An OpenXR composition layer that is rendered as an internal slice of a sphere.	
OpenXRCompositionLayerQuad	OpenXRCompositionLayer	An OpenXR composition layer that is rendered as a quad.	
OpenXRDpadBindingModifier	OpenXRIPBindingModifier	The DPad binding modifier converts an axis input to a dpad output.	
OpenXRExtensionWrapper	Object	Allows implementing OpenXR extensions with GDExtension.	
OpenXRExtensionWrapperExtension	OpenXRExtensionWrapper	Allows implementing OpenXR extensions with GDExtension.	
OpenXRFrameSynthesisExtension	OpenXRExtensionWrapper	The OpenXR Frame synthesis extension allows for advanced reprojection at low(er) framerates.	
OpenXRFutureExtension	OpenXRExtensionWrapper	The OpenXR Future extension allows for asynchronous APIs to be used.	
OpenXRFutureResult	RefCounted	Result object tracking the asynchronous result of an OpenXR Future object.	
OpenXRHand	Node3D	Node supporting hand and finger tracking in OpenXR.	
OpenXRHapticBase	Resource	OpenXR Haptic feedback base class.	
OpenXRHapticVibration	OpenXRHapticBase	Vibration haptic feedback.	
OpenXRIPBinding	Resource	Defines a binding between an [OpenXRAction] and an XR input or output.	
OpenXRIPBindingModifier	OpenXRBindingModifier	Binding modifier that applies directly on an interaction profile.	
OpenXRInteractionProfile	Resource	Suggested bindings object for OpenXR.	
OpenXRInteractionProfileEditor	OpenXRInteractionProfileEditorBase	Default OpenXR interaction profile editor.	
OpenXRInteractionProfileEditorBase	HBoxContainer	Base class for editing interaction profiles.	
OpenXRInteractionProfileMetadata	Object	Meta class registering supported devices in OpenXR.	
OpenXRInterface	XRInterface	Our OpenXR interface.	
OpenXRMarkerTracker	OpenXRSpatialEntityTracker	Spatial entity tracker for our spatial entity marker tracking extension.	
OpenXRPlaneTracker	OpenXRSpatialEntityTracker	Spatial entity tracker for our spatial entity plane tracking extension.	
OpenXRRenderModel	Node3D	This node will display an OpenXR render model.	
OpenXRRenderModelExtension	OpenXRExtensionWrapper	This class implements the OpenXR Render Model Extension.	
OpenXRRenderModelManager	Node3D	Helper node that will automatically manage displaying render models.	
OpenXRSpatialAnchorCapability	OpenXRExtensionWrapper	Implementation for handling spatial entity anchor logic.	
OpenXRSpatialCapabilityConfigurationAnchor	OpenXRSpatialCapabilityConfigurationBaseHeader	Configuration header for spatial anchors.	
OpenXRSpatialCapabilityConfigurationAprilTag	OpenXRSpatialCapabilityConfigurationBaseHeader	Configuration header for April tag markers.	
OpenXRSpatialCapabilityConfigurationAruco	OpenXRSpatialCapabilityConfigurationBaseHeader	Configuration header for Aruco markers.	
OpenXRSpatialCapabilityConfigurationBaseHeader	RefCounted	Wrapper base class for OpenXR Spatial Capability Configuration headers.	
OpenXRSpatialCapabilityConfigurationMicroQrCode	OpenXRSpatialCapabilityConfigurationBaseHeader	Configuration header for QR code markers.	
OpenXRSpatialCapabilityConfigurationPlaneTracking	OpenXRSpatialCapabilityConfigurationBaseHeader	Configuration header for plane tracking.	
OpenXRSpatialCapabilityConfigurationQrCode	OpenXRSpatialCapabilityConfigurationBaseHeader	Configuration header for micro QR code markers.	
OpenXRSpatialComponentAnchorList	OpenXRSpatialComponentData	Object for storing the queries anchor result data.	
OpenXRSpatialComponentBounded2DList	OpenXRSpatialComponentData	Object for storing the queries bounded2d result data.	
OpenXRSpatialComponentBounded3DList	OpenXRSpatialComponentData	Object for storing the queries bounded3d result data.	
OpenXRSpatialComponentData	RefCounted	Object for storing OpenXR spatial entity component data.	
OpenXRSpatialComponentMarkerList	OpenXRSpatialComponentData	Object for storing the queries marker result data.	
OpenXRSpatialComponentMesh2DList	OpenXRSpatialComponentData	Object for storing the queries mesh2d result data.	
OpenXRSpatialComponentMesh3DList	OpenXRSpatialComponentData	Object for storing the queries mesh3d result data.	
OpenXRSpatialComponentParentList	OpenXRSpatialComponentData	Object for storing the queries parent result data.	
OpenXRSpatialComponentPersistenceList	OpenXRSpatialComponentData	Object for storing the query persistence result data.	
OpenXRSpatialComponentPlaneAlignmentList	OpenXRSpatialComponentData	Object for storing the queries plane alignment result data.	
OpenXRSpatialComponentPlaneSemanticLabelList	OpenXRSpatialComponentData	Object for storing the queries plane semantic label result data.	
OpenXRSpatialComponentPolygon2DList	OpenXRSpatialComponentData	Object for storing the queries polygon2d result data.	
OpenXRSpatialContextPersistenceConfig	OpenXRStructureBase	Configuration header for spatial persistence.	
OpenXRSpatialEntityExtension	OpenXRExtensionWrapper	OpenXR extension that handles spatial entities.	
OpenXRSpatialEntityTracker	XRPositionalTracker	Base class for Positional trackers managed by OpenXR's spatial entity extensions.	
OpenXRSpatialMarkerTrackingCapability	OpenXRExtensionWrapper	Implementation for handling spatial entity marker tracking logic.	
OpenXRSpatialPlaneTrackingCapability	OpenXRExtensionWrapper	Implementation for handling spatial entity plane tracking logic.	
OpenXRSpatialQueryResultData	OpenXRSpatialComponentData	Object for storing the main query result data.	
OpenXRStructureBase	RefCounted	Object for storing OpenXR structure data.	
OpenXRVisibilityMask	VisualInstance3D	Draws a stereo correct visibility mask.	
OptimizedTranslation	Translation	An optimized translation.	
OptionButton	Button	A button that brings up a dropdown with selectable options when pressed.	
PCKPacker	RefCounted	Creates packages that can be loaded into a running project.	
PackedByteArray		A packed array of bytes.	
PackedColorArray		A packed array of [Color]s.	
PackedDataContainer	Resource	Efficiently packs and serializes [Array] or [Dictionary].	
PackedDataContainerRef	RefCounted	An internal class used by [PackedDataContainer] to pack nested arrays and dictionaries.	
PackedFloat32Array		A packed array of 32-bit floating-point values.	
PackedFloat64Array		A packed array of 64-bit floating-point values.	
PackedInt32Array		A packed array of 32-bit integers.	
PackedInt64Array		A packed array of 64-bit integers.	
PackedScene	Resource	An abstraction of a serialized scene.	
PackedStringArray		A packed array of [String]s.	
PackedVector2Array		A packed array of [Vector2]s.	
PackedVector3Array		A packed array of [Vector3]s.	
PackedVector4Array		A packed array of [Vector4]s.	
PacketPeer	RefCounted	Abstraction and base class for packet-based protocols.	
PacketPeerDTLS	PacketPeer	DTLS packet peer.	
PacketPeerExtension	PacketPeer		
PacketPeerStream	PacketPeer	Wrapper to use a PacketPeer over a StreamPeer.	
PacketPeerUDP	PacketPeer	UDP packet peer.	
Panel	Control	A GUI control that displays a [StyleBox].	
PanelContainer	Container	A container that keeps its child controls within the area of a [StyleBox].	
PanoramaSkyMaterial	Material	A material that provides a special texture to a [Sky], usually an HDR panorama.	
Parallax2D	Node2D	A node used to create a parallax scrolling background.	
ParallaxBackground	CanvasLayer	A node used to create a parallax scrolling background.	
ParallaxLayer	Node2D	A parallax scrolling layer to be used with [ParallaxBackground].	
ParticleProcessMaterial	Material	Holds a particle configuration for [GPUParticles2D] or [GPUParticles3D] nodes.	
Path2D	Node2D	Contains a [Curve2D] path for [PathFollow2D] nodes to follow.	
Path3D	Node3D	Contains a [Curve3D] path for [PathFollow3D] nodes to follow.	
PathFollow2D	Node2D	Point sampler for a [Path2D].	
PathFollow3D	Node3D	Point sampler for a [Path3D].	
Performance	Object	Exposes performance-related data.	
PhysicalBone2D	RigidBody2D	A [RigidBody2D]-derived node used to make [Bone2D]s in a [Skeleton2D] react to physics.	
PhysicalBone3D	PhysicsBody3D	A physics body used to make bones in a [Skeleton3D] react to physics.	
PhysicalBoneSimulator3D	SkeletonModifier3D	Node that can be the parent of [PhysicalBone3D] and can apply the simulation results to [Skeleton3D].	
PhysicalSkyMaterial	Material	A material that defines a sky for a [Sky] resource by a set of physical properties.	
PhysicsBody2D	CollisionObject2D	Abstract base class for 2D game objects affected by physics.	
PhysicsBody3D	CollisionObject3D	Abstract base class for 3D game objects affected by physics.	
PhysicsDirectBodyState2D	Object	Provides direct access to a physics body in the [PhysicsServer2D].	
PhysicsDirectBodyState2DExtension	PhysicsDirectBodyState2D	Provides virtual methods that can be overridden to create custom [PhysicsDirectBodyState2D] implementations.	
PhysicsDirectBodyState3D	Object	Provides direct access to a physics body in the [PhysicsServer3D].	
PhysicsDirectBodyState3DExtension	PhysicsDirectBodyState3D	Provides virtual methods that can be overridden to create custom [PhysicsDirectBodyState3D] implementations.	
PhysicsDirectSpaceState2D	Object	Provides direct access to a physics space in the [PhysicsServer2D].	
PhysicsDirectSpaceState2DExtension	PhysicsDirectSpaceState2D	Provides virtual methods that can be overridden to create custom [PhysicsDirectSpaceState2D] implementations.	
PhysicsDirectSpaceState3D	Object	Provides direct access to a physics space in the [PhysicsServer3D].	
PhysicsDirectSpaceState3DExtension	PhysicsDirectSpaceState3D	Provides virtual methods that can be overridden to create custom [PhysicsDirectSpaceState3D] implementations.	
PhysicsMaterial	Resource	Holds physics-related properties of a surface, namely its roughness and bounciness.	
PhysicsPointQueryParameters2D	RefCounted	Provides parameters for [method PhysicsDirectSpaceState2D.intersect_point].	
PhysicsPointQueryParameters3D	RefCounted	Provides parameters for [method PhysicsDirectSpaceState3D.intersect_point].	
PhysicsRayQueryParameters2D	RefCounted	Provides parameters for [method PhysicsDirectSpaceState2D.intersect_ray].	
PhysicsRayQueryParameters3D	RefCounted	Provides parameters for [method PhysicsDirectSpaceState3D.intersect_ray].	
PhysicsServer2D	Object	A server interface for low-level 2D physics access.	
PhysicsServer2DExtension	PhysicsServer2D	Provides virtual methods that can be overridden to create custom [PhysicsServer2D] implementations.	
PhysicsServer2DManager	Object	A singleton for managing [PhysicsServer2D] implementations.	
PhysicsServer3D	Object	A server interface for low-level 3D physics access.	
PhysicsServer3DExtension	PhysicsServer3D	Provides virtual methods that can be overridden to create custom [PhysicsServer3D] implementations.	
PhysicsServer3DManager	Object	A singleton for managing [PhysicsServer3D] implementations.	
PhysicsServer3DRenderingServerHandler	Object	A class used to provide [method PhysicsServer3DExtension._soft_body_update_rendering_server] with a rendering handler for soft bodies.	
PhysicsShapeQueryParameters2D	RefCounted	Provides parameters for [PhysicsDirectSpaceState2D]'s methods.	
PhysicsShapeQueryParameters3D	RefCounted	Provides parameters for [PhysicsDirectSpaceState3D]'s methods.	
PhysicsTestMotionParameters2D	RefCounted	Provides parameters for [method PhysicsServer2D.body_test_motion].	
PhysicsTestMotionParameters3D	RefCounted	Provides parameters for [method PhysicsServer3D.body_test_motion].	
PhysicsTestMotionResult2D	RefCounted	Describes the motion and collision result from [method PhysicsServer2D.body_test_motion].	
PhysicsTestMotionResult3D	RefCounted	Describes the motion and collision result from [method PhysicsServer3D.body_test_motion].	
PinJoint2D	Joint2D	A physics joint that attaches two 2D physics bodies at a single point, allowing them to freely rotate.	
PinJoint3D	Joint3D	A physics joint that attaches two 3D physics bodies at a single point, allowing them to freely rotate.	
PlaceholderCubemap	PlaceholderTextureLayered	A [Cubemap] without image data.	
PlaceholderCubemapArray	PlaceholderTextureLayered	A [CubemapArray] without image data.	
PlaceholderMaterial	Material	Placeholder class for a material.	
PlaceholderMesh	Mesh	Placeholder class for a mesh.	
PlaceholderTexture2D	Texture2D	Placeholder class for a 2-dimensional texture.	
PlaceholderTexture2DArray	PlaceholderTextureLayered	Placeholder class for a 2-dimensional texture array.	
PlaceholderTexture3D	Texture3D	Placeholder class for a 3-dimensional texture.	
PlaceholderTextureLayered	TextureLayered	Placeholder class for a 2-dimensional texture array.	
Plane		A plane in Hessian normal form.	
PlaneMesh	PrimitiveMesh	Class representing a planar [PrimitiveMesh].	
PointLight2D	Light2D	Positional 2D light source.	
PointMesh	PrimitiveMesh	Mesh with a single point primitive.	
Polygon2D	Node2D	A 2D polygon.	
PolygonOccluder3D	Occluder3D	Flat 2D polygon shape for use with occlusion culling in [OccluderInstance3D].	
PolygonPathFinder	Resource		
Popup	Window	Base class for contextual windows and panels with fixed position.	
PopupMenu	Popup	A modal window used to display a list of options.	
PopupPanel	Popup	A popup with a panel background.	
PortableCompressedTexture2D	Texture2D	Provides a compressed texture for disk and/or VRAM in a way that is portable.	
PrimitiveMesh	Mesh	Base class for all primitive meshes. Handles applying a [Material] to a primitive mesh.	
PrismMesh	PrimitiveMesh	Class representing a prism-shaped [PrimitiveMesh].	
ProceduralSkyMaterial	Material	A material that defines a simple sky for a [Sky] resource.	
ProgressBar	Range	A control used for visual representation of a percentage.	
ProjectSettings	Object	Stores globally-accessible variables.	
Projection		A 4×4 matrix for 3D projective transformations.	
PropertyTweener	Tweener	Interpolates an [Object]'s property over time.	
QuadMesh	PlaneMesh	Class representing a square mesh facing the camera.	
QuadOccluder3D	Occluder3D	Flat plane shape for use with occlusion culling in [OccluderInstance3D].	
Quaternion		A unit quaternion used for representing 3D rotations.	
RDAttachmentFormat	RefCounted	Attachment format (used by [RenderingDevice]).	
RDFramebufferPass	RefCounted	Framebuffer pass attachment description (used by [RenderingDevice]).	
RDPipelineColorBlendState	RefCounted	Pipeline color blend state (used by [RenderingDevice]).	
RDPipelineColorBlendStateAttachment	RefCounted	Pipeline color blend state attachment (used by [RenderingDevice]).	
RDPipelineDepthStencilState	RefCounted	Pipeline depth/stencil state (used by [RenderingDevice]).	
RDPipelineMultisampleState	RefCounted	Pipeline multisample state (used by [RenderingDevice]).	
RDPipelineRasterizationState	RefCounted	Pipeline rasterization state (used by [RenderingDevice]).	
RDPipelineSpecializationConstant	RefCounted	Pipeline specialization constant (used by [RenderingDevice]).	
RDSamplerState	RefCounted	Sampler state (used by [RenderingDevice]).	
RDShaderFile	Resource	Compiled shader file in SPIR-V form (used by [RenderingDevice]). Not to be confused with Godot's own [Shader].	
RDShaderSPIRV	Resource	SPIR-V intermediate representation as part of an [RDShaderFile] (used by [RenderingDevice]).	
RDShaderSource	RefCounted	Shader source code (used by [RenderingDevice]).	
RDTextureFormat	RefCounted	Texture format (used by [RenderingDevice]).	
RDTextureView	RefCounted	Texture view (used by [RenderingDevice]).	
RDUniform	RefCounted	Shader uniform (used by [RenderingDevice]).	
RDVertexAttribute	RefCounted	Vertex attribute (used by [RenderingDevice]).	
RID		A handle for a [Resource]'s unique identifier.	
RandomNumberGenerator	RefCounted	Provides methods for generating pseudo-random numbers.	
Range	Control	Abstract base class for controls that represent a number within a range.	
RayCast2D	Node2D	A ray in 2D space, used to find the first collision object it intersects.	
RayCast3D	Node3D	A ray in 3D space, used to find the first collision object it intersects.	
Rect2		A 2D axis-aligned bounding box using floating-point coordinates.	
Rect2i		A 2D axis-aligned bounding box using integer coordinates.	
RectangleShape2D	Shape2D	A 2D rectangle shape used for physics collision.	
RefCounted	Object	Base class for reference-counted objects.	
ReferenceRect	Control	A rectangular box for designing UIs.	
ReflectionProbe	VisualInstance3D	Captures its surroundings to create fast, accurate reflections from a given point.	
RegEx	RefCounted	Class for searching text for patterns using regular expressions.	
RegExMatch	RefCounted	Contains the results of a [RegEx] search.	
RemoteTransform2D	Node2D	RemoteTransform2D pushes its own [Transform2D] to another [Node2D] derived node in the scene.	
RemoteTransform3D	Node3D	RemoteTransform3D pushes its own [Transform3D] to another [Node3D] derived Node in the scene.	
RenderData	Object	Abstract render data object, holds frame data related to rendering a single frame of a viewport.	
RenderDataExtension	RenderData	This class allows for a RenderData implementation to be made in GDExtension.	
RenderDataRD	RenderData	Render data implementation for the RenderingDevice based renderers.	
RenderSceneBuffers	RefCounted	Abstract scene buffers object, created for each viewport for which 3D rendering is done.	
RenderSceneBuffersConfiguration	RefCounted	Configuration object used to setup a [RenderSceneBuffers] object.	
RenderSceneBuffersExtension	RenderSceneBuffers	This class allows for a RenderSceneBuffer implementation to be made in GDExtension.	
RenderSceneBuffersRD	RenderSceneBuffers	Render scene buffer implementation for the RenderingDevice based renderers.	
RenderSceneData	Object	Abstract render data object, holds scene data related to rendering a single frame of a viewport.	
RenderSceneDataExtension	RenderSceneData	This class allows for a RenderSceneData implementation to be made in GDExtension.	
RenderSceneDataRD	RenderSceneData	Render scene data implementation for the RenderingDevice based renderers.	
RenderingDevice	Object	Abstraction for working with modern low-level graphics APIs.	
RenderingServer	Object	Server for anything visible.	
Resource	RefCounted	Base class for serializable objects.	
ResourceFormatLoader	RefCounted	Loads a specific resource type from a file.	
ResourceFormatSaver	RefCounted	Saves a specific resource type to a file.	
ResourceImporter	RefCounted	Base class for resource importers.	
ResourceImporterBMFont	ResourceImporter	Imports a bitmap font in the BMFont ([code].fnt[/code]) format.	
ResourceImporterBitMap	ResourceImporter	Imports a [BitMap] resource (2D array of boolean values).	
ResourceImporterCSVTranslation	ResourceImporter	Imports comma-separated values as [Translation]s.	
ResourceImporterDynamicFont	ResourceImporter	Imports a TTF, TTC, OTF, OTC, WOFF or WOFF2 font file for font rendering that adapts to any size.	
ResourceImporterImage	ResourceImporter	Imports an image for use in scripting, with no rendering capabilities.	
ResourceImporterImageFont	ResourceImporter	Imports a bitmap font where all glyphs have the same width and height.	
ResourceImporterLayeredTexture	ResourceImporter	Imports a 3-dimensional texture ([Texture3D]), a [Texture2DArray], a [Cubemap] or a [CubemapArray].	
ResourceImporterMP3	ResourceImporter	Imports an MP3 audio file for playback.	
ResourceImporterOBJ	ResourceImporter	Imports an OBJ 3D model as an independent [Mesh] or scene.	
ResourceImporterOggVorbis	ResourceImporter	Imports an Ogg Vorbis audio file for playback.	
ResourceImporterSVG	ResourceImporter	Imports an SVG file as an automatically scalable texture for use in UI elements and 2D rendering.	
ResourceImporterScene	ResourceImporter	Imports a glTF, FBX, COLLADA, or Blender 3D scene.	
ResourceImporterShaderFile	ResourceImporter	Imports native GLSL shaders (not Godot shaders) as an [RDShaderFile].	
ResourceImporterTexture	ResourceImporter	Imports an image for use in 2D or 3D rendering.	
ResourceImporterTextureAtlas	ResourceImporter	Imports a collection of textures from a PNG image into an optimized [AtlasTexture] for 2D rendering.	
ResourceImporterWAV	ResourceImporter	Imports a WAV audio file for playback.	
ResourceLoader	Object	A singleton for loading resource files.	
ResourcePreloader	Node	A node used to preload sub-resources inside a scene.	
ResourceSaver	Object	A singleton for saving [Resource]s to the filesystem.	
ResourceUID	Object	A singleton that manages the unique identifiers of all resources within a project.	
RetargetModifier3D	SkeletonModifier3D	A modifier to transfer parent skeleton poses (or global poses) to child skeletons in model space with different rests.	
RibbonTrailMesh	PrimitiveMesh	Represents a straight ribbon-shaped [PrimitiveMesh] with variable width.	
RichTextEffect	Resource	A custom effect for a [RichTextLabel].	
RichTextLabel	Control	A control for displaying text that can contain different font styles, images, and basic formatting.	
RigidBody2D	PhysicsBody2D	A 2D physics body that is moved by a physics simulation.	
RigidBody3D	PhysicsBody3D	A 3D physics body that is moved by a physics simulation.	
RootMotionView	VisualInstance3D	Editor-only helper for setting up root motion in [AnimationMixer].	
SceneMultiplayer	MultiplayerAPI	High-level multiplayer API implementation.	
SceneReplicationConfig	Resource	Configuration for properties to synchronize with a [MultiplayerSynchronizer].	
SceneState	RefCounted	Provides access to a scene file's information.	
SceneTree	MainLoop	Manages the game loop via a hierarchy of nodes.	
SceneTreeTimer	RefCounted	One-shot timer.	
Script	Resource	A class stored as a resource.	
ScriptBacktrace	RefCounted	A captured backtrace of a specific script language.	
ScriptCreateDialog	ConfirmationDialog	Godot editor's popup dialog for creating new [Script] files.	
ScriptEditor	PanelContainer	Godot editor's script editor.	
ScriptEditorBase	VBoxContainer	Base editor for editing scripts in the [ScriptEditor].	
ScriptExtension	Script		
ScriptLanguage	Object		
ScriptLanguageExtension	ScriptLanguage		
ScrollBar	Range	Abstract base class for scrollbars.	
ScrollContainer	Container	A container used to provide scrollbars to a child control when needed.	
SegmentShape2D	Shape2D	A 2D line segment shape used for physics collision.	
Semaphore	RefCounted	A synchronization mechanism used to control access to a shared resource by [Thread]s.	
SeparationRayShape2D	Shape2D	A 2D ray shape used for physics collision that tries to separate itself from any collider.	
SeparationRayShape3D	Shape3D	A 3D ray shape used for physics collision that tries to separate itself from any collider.	
Separator	Control	Abstract base class for separators.	
Shader	Resource	A shader implemented in the Godot shading language.	
ShaderGlobalsOverride	Node	A node used to override global shader parameters' values in a scene.	
ShaderInclude	Resource	A snippet of shader code to be included in a [Shader] with [code]#include[/code].	
ShaderIncludeDB	Object	Internal database of built in shader include files.	
ShaderMaterial	Material	A material defined by a custom [Shader] program and the values of its shader parameters.	
Shape2D	Resource	Abstract base class for 2D shapes used for physics collision.	
Shape3D	Resource	Abstract base class for 3D shapes used for physics collision.	
ShapeCast2D	Node2D	A 2D shape that sweeps a region of space to detect [CollisionObject2D]s.	
ShapeCast3D	Node3D	A 3D shape that sweeps a region of space to detect [CollisionObject3D]s.	
Shortcut	Resource	A shortcut for binding input.	
Signal		A built-in type representing a signal of an [Object].	
Skeleton2D	Node2D	The parent of a hierarchy of [Bone2D]s, used to create a 2D skeletal animation.	
Skeleton3D	Node3D	A node containing a bone hierarchy, used to create a 3D skeletal animation.	
SkeletonIK3D	SkeletonModifier3D	A node used to rotate all bones of a [Skeleton3D] bone chain a way that places the end bone at a desired 3D position.	
SkeletonModification2D	Resource	Base class for resources that operate on [Bone2D]s in a [Skeleton2D].	
SkeletonModification2DCCDIK	SkeletonModification2D	A modification that uses CCDIK to manipulate a series of bones to reach a target in 2D.	
SkeletonModification2DFABRIK	SkeletonModification2D	A modification that uses FABRIK to manipulate a series of [Bone2D] nodes to reach a target.	
SkeletonModification2DJiggle	SkeletonModification2D	A modification that jiggles [Bone2D] nodes as they move towards a target.	
SkeletonModification2DLookAt	SkeletonModification2D	A modification that rotates a [Bone2D] node to look at a target.	
SkeletonModification2DPhysicalBones	SkeletonModification2D	A modification that applies the transforms of [PhysicalBone2D] nodes to [Bone2D] nodes.	
SkeletonModification2DStackHolder	SkeletonModification2D	A modification that holds and executes a [SkeletonModificationStack2D].	
SkeletonModification2DTwoBoneIK	SkeletonModification2D	A modification that rotates two bones using the law of cosines to reach the target.	
SkeletonModificationStack2D	Resource	A resource that holds a stack of [SkeletonModification2D]s.	
SkeletonModifier3D	Node3D	A node that may modify a Skeleton3D's bones.	
SkeletonProfile	Resource	Base class for a profile of a virtual skeleton used as a target for retargeting.	
SkeletonProfileHumanoid	SkeletonProfile	A humanoid [SkeletonProfile] preset.	
Skin	Resource		
SkinReference	RefCounted	A reference-counted holder object for a skeleton RID used in the [RenderingServer].	
Sky	Resource	Defines a 3D environment's background by using a [Material].	
Slider	Range	Abstract base class for sliders.	
SliderJoint3D	Joint3D	A physics joint that restricts the movement of a 3D physics body along an axis relative to another physics body.	
SocketServer	RefCounted	An abstract class for servers based on sockets.	
SoftBody3D	MeshInstance3D	A deformable 3D physics mesh.	
SphereMesh	PrimitiveMesh	Class representing a spherical [PrimitiveMesh].	
SphereOccluder3D	Occluder3D	Spherical shape for use with occlusion culling in [OccluderInstance3D].	
SphereShape3D	Shape3D	A 3D sphere shape used for physics collision.	
SpinBox	Range	An input field for numbers.	
SplineIK3D	ChainIK3D	A [SkeletonModifier3D] for aligning bones along a [Path3D].	
SplitContainer	Container	A container that arranges child controls horizontally or vertically and provides grabbers for adjusting the split ratios between them.	
SpotLight3D	Light3D	A spotlight, such as a reflector spotlight or a lantern.	
SpringArm3D	Node3D	A 3D raycast that dynamically moves its children near the collision point.	
SpringBoneCollision3D	Node3D	A base class of the collision that interacts with [SpringBoneSimulator3D].	
SpringBoneCollisionCapsule3D	SpringBoneCollision3D	A capsule shape collision that interacts with [SpringBoneSimulator3D].	
SpringBoneCollisionPlane3D	SpringBoneCollision3D	An infinite plane collision that interacts with [SpringBoneSimulator3D].	
SpringBoneCollisionSphere3D	SpringBoneCollision3D	A sphere shape collision that interacts with [SpringBoneSimulator3D].	
SpringBoneSimulator3D	SkeletonModifier3D	A [SkeletonModifier3D] to apply inertial wavering to bone chains.	
Sprite2D	Node2D	General-purpose sprite node.	
Sprite3D	SpriteBase3D	2D sprite node in a 3D world.	
SpriteBase3D	GeometryInstance3D	2D sprite node in 3D environment.	
SpriteFrames	Resource	Sprite frame library for AnimatedSprite2D and AnimatedSprite3D.	
StandardMaterial3D	BaseMaterial3D	A PBR (Physically Based Rendering) material to be used on 3D objects.	
StaticBody2D	PhysicsBody2D	A 2D physics body that can't be moved by external forces. When moved manually, it doesn't affect other bodies in its path.	
StaticBody3D	PhysicsBody3D	A 3D physics body that can't be moved by external forces. When moved manually, it doesn't affect other bodies in its path.	
StatusIndicator	Node	Application status indicator (aka notification area icon). [b]Note:[/b] Status indicator is implemented on macOS and Windows.	
StreamPeer	RefCounted	Abstract base class for interacting with streams.	
StreamPeerBuffer	StreamPeer	A stream peer used to handle binary data streams.	
StreamPeerExtension	StreamPeer		
StreamPeerGZIP	StreamPeer	A stream peer that handles GZIP and deflate compression/decompression.	
StreamPeerSocket	StreamPeer	Abstract base class for interacting with socket streams.	
StreamPeerTCP	StreamPeerSocket	A stream peer that handles TCP connections.	
StreamPeerTLS	StreamPeer	A stream peer that handles TLS connections.	
StreamPeerUDS	StreamPeerSocket	A stream peer that handles UNIX Domain Socket (UDS) connections.	
String		A built-in type for strings.	
StringName		A built-in type for unique strings.	
StyleBox	Resource	Abstract base class for defining stylized boxes for UI elements.	
StyleBoxEmpty	StyleBox	An empty [StyleBox] (does not display anything).	
StyleBoxFlat	StyleBox	A customizable [StyleBox] that doesn't use a texture.	
StyleBoxLine	StyleBox	A [StyleBox] that displays a single line of a given color and thickness.	
StyleBoxTexture	StyleBox	A texture-based nine-patch [StyleBox].	
SubViewport	Viewport	An interface to a game world that doesn't create a window or draw to the screen directly.	
SubViewportContainer	Container	A container used for displaying the contents of a [SubViewport].	
SubtweenTweener	Tweener	Runs a [Tween] nested within another [Tween].	
SurfaceTool	RefCounted	Helper tool to create geometry.	
SyntaxHighlighter	Resource	Base class for syntax highlighters. Provides syntax highlighting data to a [TextEdit].	
SystemFont	Font	A font loaded from a system font. Falls back to a default theme font if not implemented on the host OS.	
TCPServer	SocketServer	A TCP server.	
TLSOptions	RefCounted	TLS configuration for clients and servers.	
TabBar	Control	A control that provides a horizontal bar with tabs.	
TabContainer	Container	A container that creates a tab for each child control, displaying only the active tab's control.	
TextEdit	Control	A multiline text editor.	
TextLine	RefCounted	Holds a line of text.	
TextMesh	PrimitiveMesh	Generate a [PrimitiveMesh] from the text.	
TextParagraph	RefCounted	Holds a paragraph of text.	
TextServer	RefCounted	A server interface for font management and text rendering.	
TextServerAdvanced	TextServerExtension	An advanced text server with support for BiDi, complex text layout, and contextual OpenType features. Used in Godot by default.	
TextServerDummy	TextServerExtension	A dummy text server that can't render text or manage fonts.	
TextServerExtension	TextServer	Base class for custom [TextServer] implementations (plugins).	
TextServerManager	Object	A singleton for managing [TextServer] implementations.	
Texture	Resource	Base class for all texture types.	
Texture2D	Texture	Texture for 2D and 3D.	
Texture2DArray	ImageTextureLayered	A single texture resource which consists of multiple, separate images. Each image has the same dimensions and number of mipmap levels.	
Texture2DArrayRD	TextureLayeredRD	Texture Array for 2D that is bound to a texture created on the [RenderingDevice].	
Texture2DRD	Texture2D	Texture for 2D that is bound to a texture created on the [RenderingDevice].	
Texture3D	Texture	Base class for 3-dimensional textures.	
Texture3DRD	Texture3D	Texture for 3D that is bound to a texture created on the [RenderingDevice].	
TextureButton	BaseButton	Texture-based button. Supports Pressed, Hover, Disabled and Focused states.	
TextureCubemapArrayRD	TextureLayeredRD	Texture Array for Cubemaps that is bound to a texture created on the [RenderingDevice].	
TextureCubemapRD	TextureLayeredRD	Texture for Cubemap that is bound to a texture created on the [RenderingDevice].	
TextureLayered	Texture	Base class for texture types which contain the data of multiple [Image]s. Each image is of the same size and format.	
TextureLayeredRD	TextureLayered	Abstract base class for layered texture RD types.	
TextureProgressBar	Range	Texture-based progress bar. Useful for loading screens and life or stamina bars.	
TextureRect	Control	A control that displays a texture.	
Theme	Resource	A resource used for styling/skinning [Control]s and [Window]s.	
ThemeDB	Object	A singleton that provides access to static information about [Theme] resources used by the engine and by your project.	
Thread	RefCounted	A unit of execution in a process.	
TileData	Object	Settings for a single tile in a [TileSet].	
TileMap	Node2D	Node for 2D tile-based maps.	
TileMapLayer	Node2D	Node for 2D tile-based maps.	
TileMapPattern	Resource	Holds a pattern to be copied from or pasted into [TileMap]s.	
TileSet	Resource	Tile library for tilemaps.	
TileSetAtlasSource	TileSetSource	Exposes a 2D atlas texture as a set of tiles for a [TileSet] resource.	
TileSetScenesCollectionSource	TileSetSource	Exposes a set of scenes as tiles for a [TileSet] resource.	
TileSetSource	Resource	Exposes a set of tiles for a [TileSet] resource.	
Time	Object	A singleton for working with time data.	
Timer	Node	A countdown timer.	
TorusMesh	PrimitiveMesh	Class representing a torus [PrimitiveMesh].	
TouchScreenButton	Node2D	Button for touch screen devices for gameplay use.	
Transform2D		A 2×3 matrix representing a 2D transformation.	
Transform3D		A 3×4 matrix representing a 3D transformation.	
Translation	Resource	A language translation that maps a collection of strings to their individual translations.	
TranslationDomain	RefCounted	A self-contained collection of [Translation] resources.	
TranslationServer	Object	The server responsible for language translations.	
Tree	Control	A control used to show a set of internal [TreeItem]s in a hierarchical structure.	
TreeItem	Object	An internal control for a single item inside [Tree].	
TriangleMesh	RefCounted	Triangle geometry for efficient, physicsless intersection queries.	
TubeTrailMesh	PrimitiveMesh	Represents a straight tube-shaped [PrimitiveMesh] with variable width.	
Tween	RefCounted	Lightweight object used for general-purpose animation via script, using [Tweener]s.	
Tweener	RefCounted	Abstract class for all Tweeners used by [Tween].	
TwoBoneIK3D	IKModifier3D	Rotation based intersection of two circles inverse kinematics solver.	
UDPServer	RefCounted	Helper class to implement a UDP server.	
UDSServer	SocketServer	A Unix Domain Socket (UDS) server.	
UPNP	RefCounted	Universal Plug and Play (UPnP) functions for network device discovery, querying and port forwarding.	
UPNPDevice	RefCounted	Universal Plug and Play (UPnP) device.	
UndoRedo	Object	Provides a high-level interface for implementing undo and redo operations.	
UniformSetCacheRD	Object	Uniform set cache manager for Rendering Device based renderers.	
VBoxContainer	BoxContainer	A container that arranges its child controls vertically.	
VFlowContainer	FlowContainer	A container that arranges its child controls vertically and wraps them around at the borders.	
VScrollBar	ScrollBar	A vertical scrollbar that goes from top (min) to bottom (max).	
VSeparator	Separator	A vertical line used for separating other controls.	
VSlider	Slider	A vertical slider that goes from bottom (min) to top (max).	
VSplitContainer	SplitContainer	A container that splits two child controls vertically and provides a grabber for adjusting the split ratio.	
Vector2		A 2D vector using floating-point coordinates.	
Vector2i		A 2D vector using integer coordinates.	
Vector3		A 3D vector using floating-point coordinates.	
Vector3i		A 3D vector using integer coordinates.	
Vector4		A 4D vector using floating-point coordinates.	
Vector4i		A 4D vector using integer coordinates.	
VehicleBody3D	RigidBody3D	A 3D physics body that simulates the behavior of a car.	
VehicleWheel3D	Node3D	A 3D physics body for a [VehicleBody3D] that simulates the behavior of a wheel.	
VideoStream	Resource	Base resource for video streams.	
VideoStreamPlayback	Resource	Internal class used by [VideoStream] to manage playback state when played from a [VideoStreamPlayer].	
VideoStreamPlayer	Control	A control used for video playback.	
VideoStreamTheora	VideoStream	[VideoStream] resource for Ogg Theora videos.	
Viewport	Node	Abstract base class for viewports. Encapsulates drawing and interaction with a game world.	
ViewportTexture	Texture2D	Provides the content of a [Viewport] as a dynamic texture.	
VisibleOnScreenEnabler2D	VisibleOnScreenNotifier2D	A rectangular region of 2D space that, when visible on screen, enables a target node.	
VisibleOnScreenEnabler3D	VisibleOnScreenNotifier3D	A box-shaped region of 3D space that, when visible on screen, enables a target node.	
VisibleOnScreenNotifier2D	Node2D	A rectangular region of 2D space that detects whether it is visible on screen.	
VisibleOnScreenNotifier3D	VisualInstance3D	A box-shaped region of 3D space that detects whether it is visible on screen.	
VisualInstance3D	Node3D	Parent of all visual 3D nodes.	
VisualShader	Shader	A custom shader program with a visual editor.	
VisualShaderNode	Resource	Base class for [VisualShader] nodes. Not related to scene nodes.	
VisualShaderNodeBillboard	VisualShaderNode	A node that controls how the object faces the camera to be used within the visual shader graph.	
VisualShaderNodeBooleanConstant	VisualShaderNodeConstant	A boolean constant to be used within the visual shader graph.	
VisualShaderNodeBooleanParameter	VisualShaderNodeParameter	A boolean parameter to be used within the visual shader graph.	
VisualShaderNodeClamp	VisualShaderNode	Clamps a value within the visual shader graph.	
VisualShaderNodeColorConstant	VisualShaderNodeConstant	A [Color] constant to be used within the visual shader graph.	
VisualShaderNodeColorFunc	VisualShaderNode	A [Color] function to be used within the visual shader graph.	
VisualShaderNodeColorOp	VisualShaderNode	A [Color] operator to be used within the visual shader graph.	
VisualShaderNodeColorParameter	VisualShaderNodeParameter	A [Color] parameter to be used within the visual shader graph.	
VisualShaderNodeComment	VisualShaderNodeFrame	Only exists for compatibility. Use [VisualShaderNodeFrame] as a replacement.	
VisualShaderNodeCompare	VisualShaderNode	A comparison function for common types within the visual shader graph.	
VisualShaderNodeConstant	VisualShaderNode	A base type for the constants within the visual shader graph.	
VisualShaderNodeCubemap	VisualShaderNode	A [Cubemap] sampling node to be used within the visual shader graph.	
VisualShaderNodeCubemapParameter	VisualShaderNodeTextureParameter	A [Cubemap] parameter node to be used within the visual shader graph.	
VisualShaderNodeCurveTexture	VisualShaderNodeResizableBase	Performs a [CurveTexture] lookup within the visual shader graph.	
VisualShaderNodeCurveXYZTexture	VisualShaderNodeResizableBase	Performs a [CurveXYZTexture] lookup within the visual shader graph.	
VisualShaderNodeCustom	VisualShaderNode	Virtual class to define custom [VisualShaderNode]s for use in the Visual Shader Editor.	
VisualShaderNodeDerivativeFunc	VisualShaderNode	Calculates a derivative within the visual shader graph.	
VisualShaderNodeDeterminant	VisualShaderNode	Calculates the determinant of a [Transform3D] within the visual shader graph.	
VisualShaderNodeDistanceFade	VisualShaderNode	A visual shader node representing distance fade effect.	
VisualShaderNodeDotProduct	VisualShaderNode	Calculates a dot product of two vectors within the visual shader graph.	
VisualShaderNodeExpression	VisualShaderNodeGroupBase	A custom visual shader graph expression written in Godot Shading Language.	
VisualShaderNodeFaceForward	VisualShaderNodeVectorBase	Returns the vector that points in the same direction as a reference vector within the visual shader graph.	
VisualShaderNodeFloatConstant	VisualShaderNodeConstant	A scalar floating-point constant to be used within the visual shader graph.	
VisualShaderNodeFloatFunc	VisualShaderNode	A scalar floating-point function to be used within the visual shader graph.	
VisualShaderNodeFloatOp	VisualShaderNode	A floating-point scalar operator to be used within the visual shader graph.	
VisualShaderNodeFloatParameter	VisualShaderNodeParameter	A scalar float parameter to be used within the visual shader graph.	
VisualShaderNodeFrame	VisualShaderNodeResizableBase	A frame other visual shader nodes can be attached to for better organization.	
VisualShaderNodeFresnel	VisualShaderNode	A Fresnel effect to be used within the visual shader graph.	
VisualShaderNodeGlobalExpression	VisualShaderNodeExpression	A custom global visual shader graph expression written in Godot Shading Language.	
VisualShaderNodeGroupBase	VisualShaderNodeResizableBase	Base class for a family of nodes with variable number of input and output ports within the visual shader graph.	
VisualShaderNodeIf	VisualShaderNode	Outputs a 3D vector based on the result of a floating-point comparison within the visual shader graph.	
VisualShaderNodeInput	VisualShaderNode	Represents the input shader parameter within the visual shader graph.	
VisualShaderNodeIntConstant	VisualShaderNodeConstant	A scalar integer constant to be used within the visual shader graph.	
VisualShaderNodeIntFunc	VisualShaderNode	A scalar integer function to be used within the visual shader graph.	
VisualShaderNodeIntOp	VisualShaderNode	An integer scalar operator to be used within the visual shader graph.	
VisualShaderNodeIntParameter	VisualShaderNodeParameter	A visual shader node for shader parameter (uniform) of type [int].	
VisualShaderNodeIs	VisualShaderNode	A boolean comparison operator to be used within the visual shader graph.	
VisualShaderNodeLinearSceneDepth	VisualShaderNode	A visual shader node that returns the depth value of the DEPTH_TEXTURE node in a linear space.	
VisualShaderNodeMix	VisualShaderNode	Linearly interpolates between two values within the visual shader graph.	
VisualShaderNodeMultiplyAdd	VisualShaderNode	Performs a fused multiply-add operation within the visual shader graph.	
VisualShaderNodeOuterProduct	VisualShaderNode	Calculates an outer product of two vectors within the visual shader graph.	
VisualShaderNodeOutput	VisualShaderNode	Represents the output shader parameters within the visual shader graph.	
VisualShaderNodeParameter	VisualShaderNode	A base type for the parameters within the visual shader graph.	
VisualShaderNodeParameterRef	VisualShaderNode	A reference to an existing [VisualShaderNodeParameter].	
VisualShaderNodeParticleAccelerator	VisualShaderNode	A visual shader node that accelerates particles.	
VisualShaderNodeParticleBoxEmitter	VisualShaderNodeParticleEmitter	A visual shader node that makes particles emitted in a box shape.	
VisualShaderNodeParticleConeVelocity	VisualShaderNode	A visual shader node that makes particles move in a cone shape.	
VisualShaderNodeParticleEmit	VisualShaderNode	A visual shader node that forces to emit a particle from a sub-emitter.	
VisualShaderNodeParticleEmitter	VisualShaderNode	A base class for particle emitters.	
VisualShaderNodeParticleMeshEmitter	VisualShaderNodeParticleEmitter	A visual shader node that makes particles emitted in a shape defined by a [Mesh].	
VisualShaderNodeParticleMultiplyByAxisAngle	VisualShaderNode	A visual shader helper node for multiplying position and rotation of particles.	
VisualShaderNodeParticleOutput	VisualShaderNodeOutput	Visual shader node that defines output values for particle emitting.	
VisualShaderNodeParticleRandomness	VisualShaderNode	Visual shader node for randomizing particle values.	
VisualShaderNodeParticleRingEmitter	VisualShaderNodeParticleEmitter	A visual shader node that makes particles emitted in a ring shape.	
VisualShaderNodeParticleSphereEmitter	VisualShaderNodeParticleEmitter	A visual shader node that makes particles emitted in a sphere shape.	
VisualShaderNodeProximityFade	VisualShaderNode	A visual shader node representing proximity fade effect.	
VisualShaderNodeRandomRange	VisualShaderNode	A visual shader node that generates a pseudo-random scalar.	
VisualShaderNodeRemap	VisualShaderNode	A visual shader node for remap function.	
VisualShaderNodeReroute	VisualShaderNode	A node that allows rerouting a connection within the visual shader graph.	
VisualShaderNodeResizableBase	VisualShaderNode	Base class for resizable nodes in a visual shader graph.	
VisualShaderNodeRotationByAxis	VisualShaderNode	A visual shader node that modifies the rotation of the object using a rotation matrix.	
VisualShaderNodeSDFRaymarch	VisualShaderNode	SDF raymarching algorithm to be used within the visual shader graph.	
VisualShaderNodeSDFToScreenUV	VisualShaderNode	A function to convert an SDF (signed-distance field) to screen UV, to be used within the visual shader graph.	
VisualShaderNodeSample3D	VisualShaderNode	A base node for nodes which samples 3D textures in the visual shader graph.	
VisualShaderNodeScreenNormalWorldSpace	VisualShaderNode	A visual shader node that unpacks the screen normal texture in World Space.	
VisualShaderNodeScreenUVToSDF	VisualShaderNode	A function to convert screen UV to an SDF (signed-distance field), to be used within the visual shader graph.	
VisualShaderNodeSmoothStep	VisualShaderNode	Calculates a SmoothStep function within the visual shader graph.	
VisualShaderNodeStep	VisualShaderNode	Calculates a Step function within the visual shader graph.	
VisualShaderNodeSwitch	VisualShaderNode	A selector function for use within the visual shader graph.	
VisualShaderNodeTexture	VisualShaderNode	Performs a 2D texture lookup within the visual shader graph.	
VisualShaderNodeTexture2DArray	VisualShaderNodeSample3D	A 2D texture uniform array to be used within the visual shader graph.	
VisualShaderNodeTexture2DArrayParameter	VisualShaderNodeTextureParameter	A visual shader node for shader parameter (uniform) of type [Texture2DArray].	
VisualShaderNodeTexture2DParameter	VisualShaderNodeTextureParameter	Provides a 2D texture parameter within the visual shader graph.	
VisualShaderNodeTexture3D	VisualShaderNodeSample3D	Performs a 3D texture lookup within the visual shader graph.	
VisualShaderNodeTexture3DParameter	VisualShaderNodeTextureParameter	Provides a 3D texture parameter within the visual shader graph.	
VisualShaderNodeTextureParameter	VisualShaderNodeParameter	Performs a uniform texture lookup within the visual shader graph.	
VisualShaderNodeTextureParameterTriplanar	VisualShaderNodeTextureParameter	Performs a uniform texture lookup with triplanar within the visual shader graph.	
VisualShaderNodeTextureSDF	VisualShaderNode	Performs an SDF (signed-distance field) texture lookup within the visual shader graph.	
VisualShaderNodeTextureSDFNormal	VisualShaderNode	Performs an SDF (signed-distance field) normal texture lookup within the visual shader graph.	
VisualShaderNodeTransformCompose	VisualShaderNode	Composes a [Transform3D] from four [Vector3]s within the visual shader graph.	
VisualShaderNodeTransformConstant	VisualShaderNodeConstant	A [Transform3D] constant for use within the visual shader graph.	
VisualShaderNodeTransformDecompose	VisualShaderNode	Decomposes a [Transform3D] into four [Vector3]s within the visual shader graph.	
VisualShaderNodeTransformFunc	VisualShaderNode	Computes a [Transform3D] function within the visual shader graph.	
VisualShaderNodeTransformOp	VisualShaderNode	A [Transform3D] operator to be used within the visual shader graph.	
VisualShaderNodeTransformParameter	VisualShaderNodeParameter	A [Transform3D] parameter for use within the visual shader graph.	
VisualShaderNodeTransformVecMult	VisualShaderNode	Multiplies a [Transform3D] and a [Vector3] within the visual shader graph.	
VisualShaderNodeUIntConstant	VisualShaderNodeConstant	An unsigned scalar integer constant to be used within the visual shader graph.	
VisualShaderNodeUIntFunc	VisualShaderNode	An unsigned scalar integer function to be used within the visual shader graph.	
VisualShaderNodeUIntOp	VisualShaderNode	An unsigned integer scalar operator to be used within the visual shader graph.	
VisualShaderNodeUIntParameter	VisualShaderNodeParameter	A visual shader node for shader parameter (uniform) of type unsigned [int].	
VisualShaderNodeUVFunc	VisualShaderNode	Contains functions to modify texture coordinates ([code]uv[/code]) to be used within the visual shader graph.	
VisualShaderNodeUVPolarCoord	VisualShaderNode	A visual shader node that modifies the texture UV using polar coordinates.	
VisualShaderNodeVarying	VisualShaderNode	A visual shader node that represents a "varying" shader value.	
VisualShaderNodeVaryingGetter	VisualShaderNodeVarying	A visual shader node that gets a value of a varying.	
VisualShaderNodeVaryingSetter	VisualShaderNodeVarying	A visual shader node that sets a value of a varying.	
VisualShaderNodeVec2Constant	VisualShaderNodeConstant	A [Vector2] constant to be used within the visual shader graph.	
VisualShaderNodeVec2Parameter	VisualShaderNodeParameter	A [Vector2] parameter to be used within the visual shader graph.	
VisualShaderNodeVec3Constant	VisualShaderNodeConstant	A [Vector3] constant to be used within the visual shader graph.	
VisualShaderNodeVec3Parameter	VisualShaderNodeParameter	A [Vector3] parameter to be used within the visual shader graph.	
VisualShaderNodeVec4Constant	VisualShaderNodeConstant	A 4D vector constant to be used within the visual shader graph.	
VisualShaderNodeVec4Parameter	VisualShaderNodeParameter	A 4D vector parameter to be used within the visual shader graph.	
VisualShaderNodeVectorBase	VisualShaderNode	A base type for the nodes that perform vector operations within the visual shader graph.	
VisualShaderNodeVectorCompose	VisualShaderNodeVectorBase	Composes a [Vector2], [Vector3] or 4D vector (represented as a [Quaternion]) from scalars within the visual shader graph.	
VisualShaderNodeVectorDecompose	VisualShaderNodeVectorBase	Decomposes a [Vector2], [Vector3] or 4D vector (represented as a [Quaternion]) into scalars within the visual shader graph.	
VisualShaderNodeVectorDistance	VisualShaderNodeVectorBase	Returns the distance between two points. To be used within the visual shader graph.	
VisualShaderNodeVectorFunc	VisualShaderNodeVectorBase	A vector function to be used within the visual shader graph.	
VisualShaderNodeVectorLen	VisualShaderNodeVectorBase	Returns the length of a [Vector3] within the visual shader graph.	
VisualShaderNodeVectorOp	VisualShaderNodeVectorBase	A vector operator to be used within the visual shader graph.	
VisualShaderNodeVectorRefract	VisualShaderNodeVectorBase	Returns the vector that points in the direction of refraction. For use within the visual shader graph.	
VisualShaderNodeWorldPositionFromDepth	VisualShaderNode	A visual shader node that calculates the position of the pixel in world space using the depth texture.	
VoxelGI	VisualInstance3D	Real-time global illumination (GI) probe.	
VoxelGIData	Resource	Contains baked voxel global illumination data for use in a [VoxelGI] node.	
WeakRef	RefCounted	Holds an [Object]. If the object is [RefCounted], it doesn't update the reference count.	
WebRTCDataChannel	PacketPeer		
WebRTCDataChannelExtension	WebRTCDataChannel		
WebRTCMultiplayerPeer	MultiplayerPeer	A simple interface to create a peer-to-peer mesh network composed of [WebRTCPeerConnection] that is compatible with the [MultiplayerAPI].	
WebRTCPeerConnection	RefCounted	Interface to a WebRTC peer connection.	
WebRTCPeerConnectionExtension	WebRTCPeerConnection		
WebSocketMultiplayerPeer	MultiplayerPeer	Base class for WebSocket server and client.	
WebSocketPeer	PacketPeer	A WebSocket connection.	
WebXRInterface	XRInterface	XR interface using WebXR.	
Window	Viewport	Base class for all windows, dialogs, and popups.	
WorkerThreadPool	Object	A singleton that allocates some [Thread]s on startup, used to offload tasks to these threads.	
World2D	Resource	A resource that holds all components of a 2D world, such as a canvas and a physics space.	
World3D	Resource	A resource that holds all components of a 3D world, such as a visual scenario and a physics space.	
WorldBoundaryShape2D	Shape2D	A 2D world boundary (half-plane) shape used for physics collision.	
WorldBoundaryShape3D	Shape3D	A 3D world boundary (half-space) shape used for physics collision.	
WorldEnvironment	Node	Default environment properties for the entire scene (post-processing effects, lighting and background settings).	
X509Certificate	Resource	An X509 certificate (e.g. for TLS).	
XMLParser	RefCounted	Provides a low-level interface for creating parsers for XML files.	
XRAnchor3D	XRNode3D	An anchor point in AR space.	
XRBodyModifier3D	SkeletonModifier3D	A node for driving body meshes from [XRBodyTracker] data.	
XRBodyTracker	XRPositionalTracker	A tracked body in XR.	
XRCamera3D	Camera3D	A camera node with a few overrules for AR/VR applied, such as location tracking.	
XRController3D	XRNode3D	A 3D node representing a spatially-tracked controller.	
XRControllerTracker	XRPositionalTracker	A tracked controller.	
XRFaceModifier3D	Node3D	A node for driving standard face meshes from [XRFaceTracker] weights.	
XRFaceTracker	XRTracker	A tracked face.	
XRHandModifier3D	SkeletonModifier3D	A node for driving hand meshes from [XRHandTracker] data.	
XRHandTracker	XRPositionalTracker	A tracked hand in XR.	
XRInterface	RefCounted	Base class for an XR interface implementation.	
XRInterfaceExtension	XRInterface	Base class for XR interface extensions (plugins).	
XRNode3D	Node3D	A 3D node that has its position automatically updated by the [XRServer].	
XROrigin3D	Node3D	The origin point in AR/VR.	
XRPose	RefCounted	This object contains all data related to a pose on a tracked object.	
XRPositionalTracker	XRTracker	A tracked object.	
XRServer	Object	Server for AR and VR features.	
XRTracker	RefCounted	A tracked object.	
XRVRS	Object	Helper class for XR interfaces that generates VRS images.	
ZIPPacker	RefCounted	Allows the creation of ZIP files.	
ZIPReader	RefCounted	Allows reading the content of a ZIP file.	
bool		A built-in boolean type.	
float		A built-in type for floating-point numbers.	
int		A built-in type for integers.	
